GEO.id,Zipcode,GEO.display-label,NAICS.id,NAICS.display-label,RCPSZFE.id,RCPSZFE.display-label,YEAR.id,ESTAB
8610000US10001,10001,"ZIP 10001 (New York, NY)",7211,Traveler accommodation,1,All establishments,2012,33
8610000US10002,10002,"ZIP 10002 (New York, NY)",7211,Traveler accommodation,1,All establishments,2012,11
8610000US10003,10003,"ZIP 10003 (New York, NY)",7211,Traveler accommodation,1,All establishments,2012,12
8610000US10004,10004,"ZIP 10004 (New York, NY)",7211,Traveler accommodation,1,All establishments,2012,2
8610000US10005,10005,"ZIP 10005 (New York, NY)",7211,Traveler accommodation,1,All establishments,2012,4
8610000US10006,10006,"ZIP 10006 (New York, NY)",7211,Traveler accommodation,1,All establishments,2012,3
8610000US10007,10007,"ZIP 10007 (New York, NY)",7211,Traveler accommodation,1,All establishments,2012,5
8610000US10008,10008,"ZIP 10008 (New York, NY)",7211,Traveler accommodation,1,All establishments,2012,1
8610000US10009,10009,"ZIP 10009 (New York, NY)",7211,Traveler accommodation,1,All establishments,2012,3
8610000US10010,10010,"ZIP 10010 (New York, NY)",7211,Traveler accommodation,1,All establishments,2012,7
8610000US10011,10011,"ZIP 10011 (New York, NY)",7211,Traveler accommodation,1,All establishments,2012,18
8610000US10012,10012,"ZIP 10012 (New York, NY)",7211,Traveler accommodation,1,All establishments,2012,10
8610000US10013,10013,"ZIP 10013 (New York, NY)",7211,Traveler accommodation,1,All establishments,2012,21
8610000US10014,10014,"ZIP 10014 (New York, NY)",7211,Traveler accommodation,1,All establishments,2012,9
8610000US10016,10016,"ZIP 10016 (New York, NY)",7211,Traveler accommodation,1,All establishments,2012,33
8610000US10017,10017,"ZIP 10017 (New York, NY)",7211,Traveler accommodation,1,All establishments,2012,20
8610000US10018,10018,"ZIP 10018 (New York, NY)",7211,Traveler accommodation,1,All establishments,2012,18
8610000US10019,10019,"ZIP 10019 (New York, NY)",7211,Traveler accommodation,1,All establishments,2012,52
8610000US10021,10021,"ZIP 10021 (New York, NY)",7211,Traveler accommodation,1,All establishments,2012,7
8610000US10022,10022,"ZIP 10022 (New York, NY)",7211,Traveler accommodation,1,All establishments,2012,32
8610000US10023,10023,"ZIP 10023 (New York, NY)",7211,Traveler accommodation,1,All establishments,2012,7
8610000US10024,10024,"ZIP 10024 (New York, NY)",7211,Traveler accommodation,1,All establishments,2012,7
8610000US10025,10025,"ZIP 10025 (New York, NY)",7211,Traveler accommodation,1,All establishments,2012,14
8610000US10027,10027,"ZIP 10027 (New York, NY)",7211,Traveler accommodation,1,All establishments,2012,5
8610000US10028,10028,"ZIP 10028 (New York, NY)",7211,Traveler accommodation,1,All establishments,2012,3
8610000US10029,10029,"ZIP 10029 (New York, NY)",7211,Traveler accommodation,1,All establishments,2012,2
8610000US10030,10030,"ZIP 10030 (New York, NY)",7211,Traveler accommodation,1,All establishments,2012,1
8610000US10031,10031,"ZIP 10031 (New York, NY)",7211,Traveler accommodation,1,All establishments,2012,2
8610000US10036,10036,"ZIP 10036 (New York, NY)",7211,Traveler accommodation,1,All establishments,2012,45
8610000US10038,10038,"ZIP 10038 (New York, NY)",7211,Traveler accommodation,1,All establishments,2012,3
8610000US10039,10039,"ZIP 10039 (New York, NY)",7211,Traveler accommodation,1,All establishments,2012,1
8610000US10065,10065,"ZIP 10065 (New York, NY)",7211,Traveler accommodation,1,All establishments,2012,3
8610000US10069,10069,"ZIP 10069 (New York, NY)",7211,Traveler accommodation,1,All establishments,2012,1
8610000US10075,10075,"ZIP 10075 (New York, NY)",7211,Traveler accommodation,1,All establishments,2012,1
8610000US10106,10106,"ZIP 10106 (New York, NY)",7211,Traveler accommodation,1,All establishments,2012,1
8610000US10110,10110,"ZIP 10110 (New York, NY)",7211,Traveler accommodation,1,All establishments,2012,1
8610000US10122,10122,"ZIP 10122 (New York, NY)",7211,Traveler accommodation,1,All establishments,2012,1
8610000US10128,10128,"ZIP 10128 (New York, NY)",7211,Traveler accommodation,1,All establishments,2012,2
8610000US10155,10155,"ZIP 10155 (New York, NY)",7211,Traveler accommodation,1,All establishments,2012,1
8610000US10168,10168,"ZIP 10168 (New York, NY)",7211,Traveler accommodation,1,All establishments,2012,1
8610000US10170,10170,"ZIP 10170 (New York, NY)",7211,Traveler accommodation,1,All establishments,2012,1
8610000US10176,10176,"ZIP 10176 (New York, NY)",7211,Traveler accommodation,1,All establishments,2012,2
8610000US10279,10279,"ZIP 10279 (New York, NY)",7211,Traveler accommodation,1,All establishments,2012,1
8610000US10282,10282,"ZIP 10282 (New York, NY)",7211,Traveler accommodation,1,All establishments,2012,1
8610000US10301,10301,"ZIP 10301 (Staten Island, NY)",7211,Traveler accommodation,1,All establishments,2012,2
8610000US10305,10305,"ZIP 10305 (Staten Island, NY)",7211,Traveler accommodation,1,All establishments,2012,3
8610000US10306,10306,"ZIP 10306 (Staten Island, NY)",7211,Traveler accommodation,1,All establishments,2012,1
8610000US10309,10309,"ZIP 10309 (Staten Island, NY)",7211,Traveler accommodation,1,All establishments,2012,1
8610000US10314,10314,"ZIP 10314 (Staten Island, NY)",7211,Traveler accommodation,1,All establishments,2012,5
8610000US10451,10451,"ZIP 10451 (Bronx, NY)",7211,Traveler accommodation,1,All establishments,2012,1
8610000US10452,10452,"ZIP 10452 (Bronx, NY)",7211,Traveler accommodation,1,All establishments,2012,2
8610000US10453,10453,"ZIP 10453 (Bronx, NY)",7211,Traveler accommodation,1,All establishments,2012,1
8610000US10457,10457,"ZIP 10457 (Bronx, NY)",7211,Traveler accommodation,1,All establishments,2012,1
8610000US10458,10458,"ZIP 10458 (Bronx, NY)",7211,Traveler accommodation,1,All establishments,2012,2
8610000US10459,10459,"ZIP 10459 (Bronx, NY)",7211,Traveler accommodation,1,All establishments,2012,1
8610000US10460,10460,"ZIP 10460 (Bronx, NY)",7211,Traveler accommodation,1,All establishments,2012,1
8610000US10461,10461,"ZIP 10461 (Bronx, NY)",7211,Traveler accommodation,1,All establishments,2012,1
8610000US10463,10463,"ZIP 10463 (Bronx, NY)",7211,Traveler accommodation,1,All establishments,2012,1
8610000US10465,10465,"ZIP 10465 (Bronx, NY)",7211,Traveler accommodation,1,All establishments,2012,1
8610000US10466,10466,"ZIP 10466 (Bronx, NY)",7211,Traveler accommodation,1,All establishments,2012,2
8610000US10467,10467,"ZIP 10467 (Bronx, NY)",7211,Traveler accommodation,1,All establishments,2012,1
8610000US10468,10468,"ZIP 10468 (Bronx, NY)",7211,Traveler accommodation,1,All establishments,2012,1
8610000US10469,10469,"ZIP 10469 (Bronx, NY)",7211,Traveler accommodation,1,All establishments,2012,5
8610000US10470,10470,"ZIP 10470 (Bronx, NY)",7211,Traveler accommodation,1,All establishments,2012,2
8610000US10471,10471,"ZIP 10471 (Bronx, NY)",7211,Traveler accommodation,1,All establishments,2012,2
8610000US10475,10475,"ZIP 10475 (Bronx, NY)",7211,Traveler accommodation,1,All establishments,2012,3
8610000US10502,10502,"ZIP 10502 (Ardsley, NY)",7211,Traveler accommodation,1,All establishments,2012,3
8610000US10504,10504,"ZIP 10504 (Armonk, NY)",7211,Traveler accommodation,1,All establishments,2012,2
8610000US10509,10509,"ZIP 10509 (Brewster, NY)",7211,Traveler accommodation,1,All establishments,2012,3
8610000US10516,10516,"ZIP 10516 (Cold Spring, NY)",7211,Traveler accommodation,1,All establishments,2012,2
8610000US10520,10520,"ZIP 10520 (Croton On Hudson, NY)",7211,Traveler accommodation,1,All establishments,2012,2
8610000US10523,10523,"ZIP 10523 (Elmsford, NY)",7211,Traveler accommodation,1,All establishments,2012,7
8610000US10532,10532,"ZIP 10532 (Hawthorne, NY)",7211,Traveler accommodation,1,All establishments,2012,1
8610000US10536,10536,"ZIP 10536 (Katonah, NY)",7211,Traveler accommodation,1,All establishments,2012,1
8610000US10541,10541,"ZIP 10541 (Mahopac, NY)",7211,Traveler accommodation,1,All establishments,2012,1
8610000US10543,10543,"ZIP 10543 (Mamaroneck, NY)",7211,Traveler accommodation,1,All establishments,2012,3
8610000US10562,10562,"ZIP 10562 (Ossining, NY)",7211,Traveler accommodation,1,All establishments,2012,1
8610000US10566,10566,"ZIP 10566 (Peekskill, NY)",7211,Traveler accommodation,1,All establishments,2012,1
8610000US10567,10567,"ZIP 10567 (Cortlandt Manor, NY)",7211,Traveler accommodation,1,All establishments,2012,1
8610000US10573,10573,"ZIP 10573 (Port Chester, NY)",7211,Traveler accommodation,1,All establishments,2012,3
8610000US10580,10580,"ZIP 10580 (Rye, NY)",7211,Traveler accommodation,1,All establishments,2012,1
8610000US10583,10583,"ZIP 10583 (Scarsdale, NY)",7211,Traveler accommodation,1,All establishments,2012,1
8610000US10591,10591,"ZIP 10591 (Tarrytown, NY)",7211,Traveler accommodation,1,All establishments,2012,7
8610000US10601,10601,"ZIP 10601 (White Plains, NY)",7211,Traveler accommodation,1,All establishments,2012,3
8610000US10604,10604,"ZIP 10604 (West Harrison, NY)",7211,Traveler accommodation,1,All establishments,2012,2
8610000US10605,10605,"ZIP 10605 (White Plains, NY)",7211,Traveler accommodation,1,All establishments,2012,1
8610000US10607,10607,"ZIP 10607 (White Plains, NY)",7211,Traveler accommodation,1,All establishments,2012,1
8610000US10701,10701,"ZIP 10701 (Yonkers, NY)",7211,Traveler accommodation,1,All establishments,2012,3
8610000US10710,10710,"ZIP 10710 (Yonkers, NY)",7211,Traveler accommodation,1,All establishments,2012,3
8610000US10801,10801,"ZIP 10801 (New Rochelle, NY)",7211,Traveler accommodation,1,All establishments,2012,1
8610000US10901,10901,"ZIP 10901 (Suffern, NY)",7211,Traveler accommodation,1,All establishments,2012,3
8610000US10917,10917,"ZIP 10917 (Central Valley, NY)",7211,Traveler accommodation,1,All establishments,2012,2
8610000US10918,10918,"ZIP 10918 (Chester, NY)",7211,Traveler accommodation,1,All establishments,2012,2
8610000US10922,10922,"ZIP 10922 (Fort Montgomery, NY)",7211,Traveler accommodation,1,All establishments,2012,1
8610000US10924,10924,"ZIP 10924 (Goshen, NY)",7211,Traveler accommodation,1,All establishments,2012,1
8610000US10925,10925,"ZIP 10925 (Greenwood Lake, NY)",7211,Traveler accommodation,1,All establishments,2012,1
8610000US10926,10926,"ZIP 10926 (Harriman, NY)",7211,Traveler accommodation,1,All establishments,2012,1
8610000US10928,10928,"ZIP 10928 (Highland Falls, NY)",7211,Traveler accommodation,1,All establishments,2012,1
8610000US10940,10940,"ZIP 10940 (Middletown, NY)",7211,Traveler accommodation,1,All establishments,2012,1
8610000US10941,10941,"ZIP 10941 (Middletown, NY)",7211,Traveler accommodation,1,All establishments,2012,6
8610000US10950,10950,"ZIP 10950 (Monroe, NY)",7211,Traveler accommodation,1,All establishments,2012,1
8610000US10952,10952,"ZIP 10952 (Monsey, NY)",7211,Traveler accommodation,1,All establishments,2012,1
8610000US10954,10954,"ZIP 10954 (Nanuet, NY)",7211,Traveler accommodation,1,All establishments,2012,5
8610000US10956,10956,"ZIP 10956 (New City, NY)",7211,Traveler accommodation,1,All establishments,2012,2
8610000US10958,10958,"ZIP 10958 (New Hampton, NY)",7211,Traveler accommodation,1,All establishments,2012,2
8610000US10960,10960,"ZIP 10960 (Nyack, NY)",7211,Traveler accommodation,1,All establishments,2012,2
8610000US10962,10962,"ZIP 10962 (Orangeburg, NY)",7211,Traveler accommodation,1,All establishments,2012,2
8610000US10965,10965,"ZIP 10965 (Pearl River, NY)",7211,Traveler accommodation,1,All establishments,2012,1
8610000US10975,10975,"ZIP 10975 (Southfields, NY)",7211,Traveler accommodation,1,All establishments,2012,1
8610000US10977,10977,"ZIP 10977 (Spring Valley, NY)",7211,Traveler accommodation,1,All establishments,2012,2
8610000US10980,10980,"ZIP 10980 (Stony Point, NY)",7211,Traveler accommodation,1,All establishments,2012,1
8610000US10994,10994,"ZIP 10994 (West Nyack, NY)",7211,Traveler accommodation,1,All establishments,2012,2
8610000US10996,10996,"ZIP 10996 (West Point, NY)",7211,Traveler accommodation,1,All establishments,2012,1
8610000US11001,11001,"ZIP 11001 (Floral Park, NY)",7211,Traveler accommodation,1,All establishments,2012,2
8610000US11003,11003,"ZIP 11003 (Elmont, NY)",7211,Traveler accommodation,1,All establishments,2012,1
8610000US11021,11021,"ZIP 11021 (Great Neck, NY)",7211,Traveler accommodation,1,All establishments,2012,4
8610000US11024,11024,"ZIP 11024 (Great Neck, NY)",7211,Traveler accommodation,1,All establishments,2012,1
8610000US11030,11030,"ZIP 11030 (Manhasset, NY)",7211,Traveler accommodation,1,All establishments,2012,1
8610000US11040,11040,"ZIP 11040 (New Hyde Park, NY)",7211,Traveler accommodation,1,All establishments,2012,1
8610000US11050,11050,"ZIP 11050 (Port Washington, NY)",7211,Traveler accommodation,1,All establishments,2012,1
8610000US11101,11101,"ZIP 11101 (Long Island City, NY)",7211,Traveler accommodation,1,All establishments,2012,18
8610000US11103,11103,"ZIP 11103 (Astoria, NY)",7211,Traveler accommodation,1,All establishments,2012,1
8610000US11106,11106,"ZIP 11106 (Astoria, NY)",7211,Traveler accommodation,1,All establishments,2012,1
8610000US11201,11201,"ZIP 11201 (Brooklyn, NY)",7211,Traveler accommodation,1,All establishments,2012,3
8610000US11203,11203,"ZIP 11203 (Brooklyn, NY)",7211,Traveler accommodation,1,All establishments,2012,1
8610000US11204,11204,"ZIP 11204 (Brooklyn, NY)",7211,Traveler accommodation,1,All establishments,2012,1
8610000US11205,11205,"ZIP 11205 (Brooklyn, NY)",7211,Traveler accommodation,1,All establishments,2012,1
8610000US11206,11206,"ZIP 11206 (Brooklyn, NY)",7211,Traveler accommodation,1,All establishments,2012,3
8610000US11207,11207,"ZIP 11207 (Brooklyn, NY)",7211,Traveler accommodation,1,All establishments,2012,4
8610000US11208,11208,"ZIP 11208 (Brooklyn, NY)",7211,Traveler accommodation,1,All establishments,2012,4
8610000US11209,11209,"ZIP 11209 (Brooklyn, NY)",7211,Traveler accommodation,1,All establishments,2012,2
8610000US11210,11210,"ZIP 11210 (Brooklyn, NY)",7211,Traveler accommodation,1,All establishments,2012,1
8610000US11211,11211,"ZIP 11211 (Brooklyn, NY)",7211,Traveler accommodation,1,All establishments,2012,5
8610000US11212,11212,"ZIP 11212 (Brooklyn, NY)",7211,Traveler accommodation,1,All establishments,2012,1
8610000US11213,11213,"ZIP 11213 (Brooklyn, NY)",7211,Traveler accommodation,1,All establishments,2012,1
8610000US11214,11214,"ZIP 11214 (Brooklyn, NY)",7211,Traveler accommodation,1,All establishments,2012,1
8610000US11215,11215,"ZIP 11215 (Brooklyn, NY)",7211,Traveler accommodation,1,All establishments,2012,4
8610000US11216,11216,"ZIP 11216 (Brooklyn, NY)",7211,Traveler accommodation,1,All establishments,2012,1
8610000US11219,11219,"ZIP 11219 (Brooklyn, NY)",7211,Traveler accommodation,1,All establishments,2012,2
8610000US11220,11220,"ZIP 11220 (Brooklyn, NY)",7211,Traveler accommodation,1,All establishments,2012,2
8610000US11221,11221,"ZIP 11221 (Brooklyn, NY)",7211,Traveler accommodation,1,All establishments,2012,1
8610000US11222,11222,"ZIP 11222 (Brooklyn, NY)",7211,Traveler accommodation,1,All establishments,2012,1
8610000US11223,11223,"ZIP 11223 (Brooklyn, NY)",7211,Traveler accommodation,1,All establishments,2012,2
8610000US11226,11226,"ZIP 11226 (Brooklyn, NY)",7211,Traveler accommodation,1,All establishments,2012,1
8610000US11230,11230,"ZIP 11230 (Brooklyn, NY)",7211,Traveler accommodation,1,All establishments,2012,2
8610000US11231,11231,"ZIP 11231 (Brooklyn, NY)",7211,Traveler accommodation,1,All establishments,2012,2
8610000US11232,11232,"ZIP 11232 (Brooklyn, NY)",7211,Traveler accommodation,1,All establishments,2012,5
8610000US11234,11234,"ZIP 11234 (Brooklyn, NY)",7211,Traveler accommodation,1,All establishments,2012,1
8610000US11235,11235,"ZIP 11235 (Brooklyn, NY)",7211,Traveler accommodation,1,All establishments,2012,3
8610000US11237,11237,"ZIP 11237 (Brooklyn, NY)",7211,Traveler accommodation,1,All establishments,2012,1
8610000US11249,11249,"ZIP 11249 (Brooklyn, NY)",7211,Traveler accommodation,1,All establishments,2012,3
8610000US11354,11354,"ZIP 11354 (Flushing, NY)",7211,Traveler accommodation,1,All establishments,2012,11
8610000US11357,11357,"ZIP 11357 (Whitestone, NY)",7211,Traveler accommodation,1,All establishments,2012,1
8610000US11360,11360,"ZIP 11360 (Bayside, NY)",7211,Traveler accommodation,1,All establishments,2012,1
8610000US11361,11361,"ZIP 11361 (Bayside, NY)",7211,Traveler accommodation,1,All establishments,2012,2
8610000US11362,11362,"ZIP 11362 (Little Neck, NY)",7211,Traveler accommodation,1,All establishments,2012,1
8610000US11368,11368,"ZIP 11368 (Corona, NY)",7211,Traveler accommodation,1,All establishments,2012,2
8610000US11369,11369,"ZIP 11369 (East Elmhurst, NY)",7211,Traveler accommodation,1,All establishments,2012,6
8610000US11370,11370,"ZIP 11370 (East Elmhurst, NY)",7211,Traveler accommodation,1,All establishments,2012,3
8610000US11373,11373,"ZIP 11373 (Elmhurst, NY)",7211,Traveler accommodation,1,All establishments,2012,6
8610000US11374,11374,"ZIP 11374 (Rego Park, NY)",7211,Traveler accommodation,1,All establishments,2012,1
8610000US11377,11377,"ZIP 11377 (Woodside, NY)",7211,Traveler accommodation,1,All establishments,2012,4
8610000US11378,11378,"ZIP 11378 (Maspeth, NY)",7211,Traveler accommodation,1,All establishments,2012,2
8610000US11385,11385,"ZIP 11385 (Ridgewood, NY)",7211,Traveler accommodation,1,All establishments,2012,1
8610000US11411,11411,"ZIP 11411 (Cambria Heights, NY)",7211,Traveler accommodation,1,All establishments,2012,1
8610000US11414,11414,"ZIP 11414 (Howard Beach, NY)",7211,Traveler accommodation,1,All establishments,2012,1
8610000US11417,11417,"ZIP 11417 (Ozone Park, NY)",7211,Traveler accommodation,1,All establishments,2012,2
8610000US11418,11418,"ZIP 11418 (Richmond Hill, NY)",7211,Traveler accommodation,1,All establishments,2012,2
8610000US11420,11420,"ZIP 11420 (South Ozone Park, NY)",7211,Traveler accommodation,1,All establishments,2012,1
8610000US11426,11426,"ZIP 11426 (Bellerose, NY)",7211,Traveler accommodation,1,All establishments,2012,1
8610000US11427,11427,"ZIP 11427 (Queens Village, NY)",7211,Traveler accommodation,1,All establishments,2012,1
8610000US11428,11428,"ZIP 11428 (Queens Village, NY)",7211,Traveler accommodation,1,All establishments,2012,1
8610000US11429,11429,"ZIP 11429 (Queens Village, NY)",7211,Traveler accommodation,1,All establishments,2012,1
8610000US11430,11430,"ZIP 11430 (Jamaica, NY)",7211,Traveler accommodation,1,All establishments,2012,5
8610000US11432,11432,"ZIP 11432 (Jamaica, NY)",7211,Traveler accommodation,1,All establishments,2012,2
8610000US11433,11433,"ZIP 11433 (Jamaica, NY)",7211,Traveler accommodation,1,All establishments,2012,1
8610000US11434,11434,"ZIP 11434 (Jamaica, NY)",7211,Traveler accommodation,1,All establishments,2012,11
8610000US11435,11435,"ZIP 11435 (Jamaica, NY)",7211,Traveler accommodation,1,All establishments,2012,6
8610000US11436,11436,"ZIP 11436 (Jamaica, NY)",7211,Traveler accommodation,1,All establishments,2012,3
8610000US11509,11509,"ZIP 11509 (Atlantic Beach, NY)",7211,Traveler accommodation,1,All establishments,2012,1
8610000US11510,11510,"ZIP 11510 (Baldwin, NY)",7211,Traveler accommodation,1,All establishments,2012,1
8610000US11514,11514,"ZIP 11514 (Carle Place, NY)",7211,Traveler accommodation,1,All establishments,2012,1
8610000US11520,11520,"ZIP 11520 (Freeport, NY)",7211,Traveler accommodation,1,All establishments,2012,2
8610000US11530,11530,"ZIP 11530 (Garden City, NY)",7211,Traveler accommodation,1,All establishments,2012,5
8610000US11542,11542,"ZIP 11542 (Glen Cove, NY)",7211,Traveler accommodation,1,All establishments,2012,1
8610000US11545,11545,"ZIP 11545 (Glen Head, NY)",7211,Traveler accommodation,1,All establishments,2012,1
8610000US11552,11552,"ZIP 11552 (West Hempstead, NY)",7211,Traveler accommodation,1,All establishments,2012,1
8610000US11554,11554,"ZIP 11554 (East Meadow, NY)",7211,Traveler accommodation,1,All establishments,2012,1
8610000US11556,11556,"ZIP 11556 (Uniondale, NY)",7211,Traveler accommodation,1,All establishments,2012,8
8610000US11558,11558,"ZIP 11558 (Island Park, NY)",7211,Traveler accommodation,1,All establishments,2012,2
8610000US11559,11559,"ZIP 11559 (Lawrence, NY)",7211,Traveler accommodation,1,All establishments,2012,1
8610000US11560,11560,"ZIP 11560 (Locust Valley, NY)",7211,Traveler accommodation,1,All establishments,2012,1
8610000US11561,11561,"ZIP 11561 (Long Beach, NY)",7211,Traveler accommodation,1,All establishments,2012,1
8610000US11563,11563,"ZIP 11563 (Lynbrook, NY)",7211,Traveler accommodation,1,All establishments,2012,3
8610000US11566,11566,"ZIP 11566 (Merrick, NY)",7211,Traveler accommodation,1,All establishments,2012,1
8610000US11570,11570,"ZIP 11570 (Rockville Centre, NY)",7211,Traveler accommodation,1,All establishments,2012,4
8610000US11576,11576,"ZIP 11576 (Roslyn, NY)",7211,Traveler accommodation,1,All establishments,2012,3
8610000US11590,11590,"ZIP 11590 (Westbury, NY)",7211,Traveler accommodation,1,All establishments,2012,4
8610000US11701,11701,"ZIP 11701 (Amityville, NY)",7211,Traveler accommodation,1,All establishments,2012,1
8610000US11704,11704,"ZIP 11704 (West Babylon, NY)",7211,Traveler accommodation,1,All establishments,2012,3
8610000US11706,11706,"ZIP 11706 (Bay Shore, NY)",7211,Traveler accommodation,1,All establishments,2012,1
8610000US11714,11714,"ZIP 11714 (Bethpage, NY)",7211,Traveler accommodation,1,All establishments,2012,2
8610000US11716,11716,"ZIP 11716 (Bohemia, NY)",7211,Traveler accommodation,1,All establishments,2012,2
8610000US11717,11717,"ZIP 11717 (Brentwood, NY)",7211,Traveler accommodation,1,All establishments,2012,1
8610000US11720,11720,"ZIP 11720 (Centereach, NY)",7211,Traveler accommodation,1,All establishments,2012,1
8610000US11721,11721,"ZIP 11721 (Centerport, NY)",7211,Traveler accommodation,1,All establishments,2012,1
8610000US11722,11722,"ZIP 11722 (Central Islip, NY)",7211,Traveler accommodation,1,All establishments,2012,1
8610000US11725,11725,"ZIP 11725 (Commack, NY)",7211,Traveler accommodation,1,All establishments,2012,5
8610000US11726,11726,"ZIP 11726 (Copiague, NY)",7211,Traveler accommodation,1,All establishments,2012,2
8610000US11729,11729,"ZIP 11729 (Deer Park, NY)",7211,Traveler accommodation,1,All establishments,2012,1
8610000US11732,11732,"ZIP 11732 (East Norwich, NY)",7211,Traveler accommodation,1,All establishments,2012,1
8610000US11735,11735,"ZIP 11735 (Farmingdale, NY)",7211,Traveler accommodation,1,All establishments,2012,2
8610000US11738,11738,"ZIP 11738 (Farmingville, NY)",7211,Traveler accommodation,1,All establishments,2012,1
8610000US11741,11741,"ZIP 11741 (Holbrook, NY)",7211,Traveler accommodation,1,All establishments,2012,2
8610000US11742,11742,"ZIP 11742 (Holtsville, NY)",7211,Traveler accommodation,1,All establishments,2012,1
8610000US11743,11743,"ZIP 11743 (Huntington, NY)",7211,Traveler accommodation,1,All establishments,2012,2
8610000US11746,11746,"ZIP 11746 (Huntington Station, NY)",7211,Traveler accommodation,1,All establishments,2012,3
8610000US11747,11747,"ZIP 11747 (Melville, NY)",7211,Traveler accommodation,1,All establishments,2012,3
8610000US11749,11749,"ZIP 11749 (Islandia, NY)",7211,Traveler accommodation,1,All establishments,2012,1
8610000US11753,11753,"ZIP 11753 (Jericho, NY)",7211,Traveler accommodation,1,All establishments,2012,4
8610000US11757,11757,"ZIP 11757 (Lindenhurst, NY)",7211,Traveler accommodation,1,All establishments,2012,4
8610000US11758,11758,"ZIP 11758 (Massapequa, NY)",7211,Traveler accommodation,1,All establishments,2012,1
8610000US11762,11762,"ZIP 11762 (Massapequa Park, NY)",7211,Traveler accommodation,1,All establishments,2012,1
8610000US11763,11763,"ZIP 11763 (Medford, NY)",7211,Traveler accommodation,1,All establishments,2012,2
8610000US11770,11770,"ZIP 11770 (Ocean Beach, NY)",7211,Traveler accommodation,1,All establishments,2012,5
8610000US11772,11772,"ZIP 11772 (Patchogue, NY)",7211,Traveler accommodation,1,All establishments,2012,2
8610000US11776,11776,"ZIP 11776 (Port Jefferson Station, NY)",7211,Traveler accommodation,1,All establishments,2012,1
8610000US11779,11779,"ZIP 11779 (Ronkonkoma, NY)",7211,Traveler accommodation,1,All establishments,2012,3
8610000US11782,11782,"ZIP 11782 (Sayville, NY)",7211,Traveler accommodation,1,All establishments,2012,5
8610000US11787,11787,"ZIP 11787 (Smithtown, NY)",7211,Traveler accommodation,1,All establishments,2012,3
8610000US11788,11788,"ZIP 11788 (Hauppauge, NY)",7211,Traveler accommodation,1,All establishments,2012,7
8610000US11791,11791,"ZIP 11791 (Syosset, NY)",7211,Traveler accommodation,1,All establishments,2012,1
8610000US11792,11792,"ZIP 11792 (Wading River, NY)",7211,Traveler accommodation,1,All establishments,2012,1
8610000US11797,11797,"ZIP 11797 (Woodbury, NY)",7211,Traveler accommodation,1,All establishments,2012,3
8610000US11801,11801,"ZIP 11801 (Hicksville, NY)",7211,Traveler accommodation,1,All establishments,2012,1
8610000US11803,11803,"ZIP 11803 (Plainview, NY)",7211,Traveler accommodation,1,All establishments,2012,5
8610000US11901,11901,"ZIP 11901 (Riverhead, NY)",7211,Traveler accommodation,1,All establishments,2012,5
8610000US11930,11930,"ZIP 11930 (Amagansett, NY)",7211,Traveler accommodation,1,All establishments,2012,4
8610000US11932,11932,"ZIP 11932 (Bridgehampton, NY)",7211,Traveler accommodation,1,All establishments,2012,2
8610000US11937,11937,"ZIP 11937 (East Hampton, NY)",7211,Traveler accommodation,1,All establishments,2012,6
8610000US11939,11939,"ZIP 11939 (East Marion, NY)",7211,Traveler accommodation,1,All establishments,2012,2
8610000US11941,11941,"ZIP 11941 (Eastport, NY)",7211,Traveler accommodation,1,All establishments,2012,1
8610000US11942,11942,"ZIP 11942 (East Quogue, NY)",7211,Traveler accommodation,1,All establishments,2012,2
8610000US11944,11944,"ZIP 11944 (Greenport, NY)",7211,Traveler accommodation,1,All establishments,2012,8
8610000US11946,11946,"ZIP 11946 (Hampton Bays, NY)",7211,Traveler accommodation,1,All establishments,2012,1
8610000US11947,11947,"ZIP 11947 (Jamesport, NY)",7211,Traveler accommodation,1,All establishments,2012,2
8610000US11952,11952,"ZIP 11952 (Mattituck, NY)",7211,Traveler accommodation,1,All establishments,2012,2
8610000US11954,11954,"ZIP 11954 (Montauk, NY)",7211,Traveler accommodation,1,All establishments,2012,26
8610000US11963,11963,"ZIP 11963 (Sag Harbor, NY)",7211,Traveler accommodation,1,All establishments,2012,3
8610000US11964,11964,"ZIP 11964 (Shelter Island, NY)",7211,Traveler accommodation,1,All establishments,2012,1
8610000US11965,11965,"ZIP 11965 (Shelter Island Heights, NY)",7211,Traveler accommodation,1,All establishments,2012,2
8610000US11967,11967,"ZIP 11967 (Shirley, NY)",7211,Traveler accommodation,1,All establishments,2012,1
8610000US11968,11968,"ZIP 11968 (Southampton, NY)",7211,Traveler accommodation,1,All establishments,2012,8
8610000US11971,11971,"ZIP 11971 (Southold, NY)",7211,Traveler accommodation,1,All establishments,2012,2
8610000US11975,11975,"ZIP 11975 (Wainscott, NY)",7211,Traveler accommodation,1,All establishments,2012,1
8610000US11977,11977,"ZIP 11977 (Westhampton, NY)",7211,Traveler accommodation,1,All establishments,2012,1
8610000US11978,11978,"ZIP 11978 (Westhampton Beach, NY)",7211,Traveler accommodation,1,All establishments,2012,2
8610000US11980,11980,"ZIP 11980 (Yaphank, NY)",7211,Traveler accommodation,1,All establishments,2012,1
8610000US12010,12010,"ZIP 12010 (Amsterdam, NY)",7211,Traveler accommodation,1,All establishments,2012,2
8610000US12020,12020,"ZIP 12020 (Ballston Spa, NY)",7211,Traveler accommodation,1,All establishments,2012,5
8610000US12029,12029,"ZIP 12029 (Canaan, NY)",7211,Traveler accommodation,1,All establishments,2012,1
8610000US12033,12033,"ZIP 12033 (Castleton On Hudson, NY)",7211,Traveler accommodation,1,All establishments,2012,3
8610000US12037,12037,"ZIP 12037 (Chatham, NY)",7211,Traveler accommodation,1,All establishments,2012,1
8610000US12043,12043,"ZIP 12043 (Cobleskill, NY)",7211,Traveler accommodation,1,All establishments,2012,1
8610000US12047,12047,"ZIP 12047 (Cohoes, NY)",7211,Traveler accommodation,1,All establishments,2012,2
8610000US12060,12060,"ZIP 12060 (East Chatham, NY)",7211,Traveler accommodation,1,All establishments,2012,1
8610000US12061,12061,"ZIP 12061 (East Greenbush, NY)",7211,Traveler accommodation,1,All establishments,2012,3
8610000US12065,12065,"ZIP 12065 (Clifton Park, NY)",7211,Traveler accommodation,1,All establishments,2012,5
8610000US12072,12072,"ZIP 12072 (Fultonville, NY)",7211,Traveler accommodation,1,All establishments,2012,1
8610000US12077,12077,"ZIP 12077 (Glenmont, NY)",7211,Traveler accommodation,1,All establishments,2012,2
8610000US12083,12083,"ZIP 12083 (Greenville, NY)",7211,Traveler accommodation,1,All establishments,2012,5
8610000US12092,12092,"ZIP 12092 (Howes Cave, NY)",7211,Traveler accommodation,1,All establishments,2012,1
8610000US12095,12095,"ZIP 12095 (Johnstown, NY)",7211,Traveler accommodation,1,All establishments,2012,3
8610000US12110,12110,"ZIP 12110 (Latham, NY)",7211,Traveler accommodation,1,All establishments,2012,13
8610000US12134,12134,"ZIP 12134 (Northville, NY)",7211,Traveler accommodation,1,All establishments,2012,2
8610000US12139,12139,"ZIP 12139 (Piseco, NY)",7211,Traveler accommodation,1,All establishments,2012,1
8610000US12143,12143,"ZIP 12143 (Ravena, NY)",7211,Traveler accommodation,1,All establishments,2012,1
8610000US12144,12144,"ZIP 12144 (Rensselaer, NY)",7211,Traveler accommodation,1,All establishments,2012,2
8610000US12147,12147,"ZIP 12147 (Rensselaerville, NY)",7211,Traveler accommodation,1,All establishments,2012,1
8610000US12148,12148,"ZIP 12148 (Rexford, NY)",7211,Traveler accommodation,1,All establishments,2012,1
8610000US12149,12149,"ZIP 12149 (Richmondville, NY)",7211,Traveler accommodation,1,All establishments,2012,1
8610000US12157,12157,"ZIP 12157 (Schoharie, NY)",7211,Traveler accommodation,1,All establishments,2012,1
8610000US12164,12164,"ZIP 12164 (Speculator, NY)",7211,Traveler accommodation,1,All establishments,2012,2
8610000US12167,12167,"ZIP 12167 (Stamford, NY)",7211,Traveler accommodation,1,All establishments,2012,1
8610000US12180,12180,"ZIP 12180 (Troy, NY)",7211,Traveler accommodation,1,All establishments,2012,1
8610000US12184,12184,"ZIP 12184 (Valatie, NY)",7211,Traveler accommodation,1,All establishments,2012,1
8610000US12188,12188,"ZIP 12188 (Waterford, NY)",7211,Traveler accommodation,1,All establishments,2012,1
8610000US12192,12192,"ZIP 12192 (West Coxsackie, NY)",7211,Traveler accommodation,1,All establishments,2012,1
8610000US12197,12197,"ZIP 12197 (Worcester, NY)",7211,Traveler accommodation,1,All establishments,2012,1
8610000US12203,12203,"ZIP 12203 (Albany, NY)",7211,Traveler accommodation,1,All establishments,2012,4
8610000US12204,12204,"ZIP 12204 (Albany, NY)",7211,Traveler accommodation,1,All establishments,2012,1
8610000US12205,12205,"ZIP 12205 (Albany, NY)",7211,Traveler accommodation,1,All establishments,2012,24
8610000US12206,12206,"ZIP 12206 (Albany, NY)",7211,Traveler accommodation,1,All establishments,2012,10
8610000US12207,12207,"ZIP 12207 (Albany, NY)",7211,Traveler accommodation,1,All establishments,2012,6
8610000US12208,12208,"ZIP 12208 (Albany, NY)",7211,Traveler accommodation,1,All establishments,2012,1
8610000US12209,12209,"ZIP 12209 (Albany, NY)",7211,Traveler accommodation,1,All establishments,2012,2
8610000US12210,12210,"ZIP 12210 (Albany, NY)",7211,Traveler accommodation,1,All establishments,2012,1
8610000US12211,12211,"ZIP 12211 (Albany, NY)",7211,Traveler accommodation,1,All establishments,2012,2
8610000US12303,12303,"ZIP 12303 (Schenectady, NY)",7211,Traveler accommodation,1,All establishments,2012,3
8610000US12304,12304,"ZIP 12304 (Schenectady, NY)",7211,Traveler accommodation,1,All establishments,2012,1
8610000US12305,12305,"ZIP 12305 (Schenectady, NY)",7211,Traveler accommodation,1,All establishments,2012,2
8610000US12307,12307,"ZIP 12307 (Schenectady, NY)",7211,Traveler accommodation,1,All establishments,2012,4
8610000US12308,12308,"ZIP 12308 (Schenectady, NY)",7211,Traveler accommodation,1,All establishments,2012,2
8610000US12401,12401,"ZIP 12401 (Kingston, NY)",7211,Traveler accommodation,1,All establishments,2012,9
8610000US12405,12405,"ZIP 12405 (Acra, NY)",7211,Traveler accommodation,1,All establishments,2012,1
8610000US12410,12410,"ZIP 12410 (Big Indian, NY)",7211,Traveler accommodation,1,All establishments,2012,5
8610000US12414,12414,"ZIP 12414 (Catskill, NY)",7211,Traveler accommodation,1,All establishments,2012,9
8610000US12423,12423,"ZIP 12423 (East Durham, NY)",7211,Traveler accommodation,1,All establishments,2012,4
8610000US12428,12428,"ZIP 12428 (Ellenville, NY)",7211,Traveler accommodation,1,All establishments,2012,2
8610000US12430,12430,"ZIP 12430 (Fleischmanns, NY)",7211,Traveler accommodation,1,All establishments,2012,1
8610000US12434,12434,"ZIP 12434 (Grand Gorge, NY)",7211,Traveler accommodation,1,All establishments,2012,1
8610000US12439,12439,"ZIP 12439 (Hensonville, NY)",7211,Traveler accommodation,1,All establishments,2012,1
8610000US12442,12442,"ZIP 12442 (Hunter, NY)",7211,Traveler accommodation,1,All establishments,2012,6
8610000US12443,12443,"ZIP 12443 (Hurley, NY)",7211,Traveler accommodation,1,All establishments,2012,1
8610000US12446,12446,"ZIP 12446 (Kerhonkson, NY)",7211,Traveler accommodation,1,All establishments,2012,2
8610000US12451,12451,"ZIP 12451 (Leeds, NY)",7211,Traveler accommodation,1,All establishments,2012,2
8610000US12455,12455,"ZIP 12455 (Margaretville, NY)",7211,Traveler accommodation,1,All establishments,2012,1
8610000US12457,12457,"ZIP 12457 (Mount Tremper, NY)",7211,Traveler accommodation,1,All establishments,2012,2
8610000US12463,12463,"ZIP 12463 (Palenville, NY)",7211,Traveler accommodation,1,All establishments,2012,1
8610000US12464,12464,"ZIP 12464 (Phoenicia, NY)",7211,Traveler accommodation,1,All establishments,2012,2
8610000US12465,12465,"ZIP 12465 (Pine Hill, NY)",7211,Traveler accommodation,1,All establishments,2012,3
8610000US12466,12466,"ZIP 12466 (Port Ewen, NY)",7211,Traveler accommodation,1,All establishments,2012,1
8610000US12470,12470,"ZIP 12470 (Purling, NY)",7211,Traveler accommodation,1,All establishments,2012,1
8610000US12472,12472,"ZIP 12472 (Rosendale, NY)",7211,Traveler accommodation,1,All establishments,2012,1
8610000US12473,12473,"ZIP 12473 (Round Top, NY)",7211,Traveler accommodation,1,All establishments,2012,5
8610000US12474,12474,"ZIP 12474 (Roxbury, NY)",7211,Traveler accommodation,1,All establishments,2012,1
8610000US12477,12477,"ZIP 12477 (Saugerties, NY)",7211,Traveler accommodation,1,All establishments,2012,5
8610000US12485,12485,"ZIP 12485 (Tannersville, NY)",7211,Traveler accommodation,1,All establishments,2012,5
8610000US12491,12491,"ZIP 12491 (West Hurley, NY)",7211,Traveler accommodation,1,All establishments,2012,1
8610000US12496,12496,"ZIP 12496 (Windham, NY)",7211,Traveler accommodation,1,All establishments,2012,6
8610000US12498,12498,"ZIP 12498 (Woodstock, NY)",7211,Traveler accommodation,1,All establishments,2012,2
8610000US12518,12518,"ZIP 12518 (Cornwall, NY)",7211,Traveler accommodation,1,All establishments,2012,2
8610000US12524,12524,"ZIP 12524 (Fishkill, NY)",7211,Traveler accommodation,1,All establishments,2012,9
8610000US12525,12525,"ZIP 12525 (Gardiner, NY)",7211,Traveler accommodation,1,All establishments,2012,1
8610000US12528,12528,"ZIP 12528 (Highland, NY)",7211,Traveler accommodation,1,All establishments,2012,4
8610000US12529,12529,"ZIP 12529 (Hillsdale, NY)",7211,Traveler accommodation,1,All establishments,2012,2
8610000US12533,12533,"ZIP 12533 (Hopewell Junction, NY)",7211,Traveler accommodation,1,All establishments,2012,2
8610000US12534,12534,"ZIP 12534 (Hudson, NY)",7211,Traveler accommodation,1,All establishments,2012,5
8610000US12538,12538,"ZIP 12538 (Hyde Park, NY)",7211,Traveler accommodation,1,All establishments,2012,6
8610000US12542,12542,"ZIP 12542 (Marlboro, NY)",7211,Traveler accommodation,1,All establishments,2012,2
8610000US12547,12547,"ZIP 12547 (Milton, NY)",7211,Traveler accommodation,1,All establishments,2012,1
8610000US12549,12549,"ZIP 12549 (Montgomery, NY)",7211,Traveler accommodation,1,All establishments,2012,1
8610000US12550,12550,"ZIP 12550 (Newburgh, NY)",7211,Traveler accommodation,1,All establishments,2012,15
8610000US12553,12553,"ZIP 12553 (New Windsor, NY)",7211,Traveler accommodation,1,All establishments,2012,6
8610000US12561,12561,"ZIP 12561 (New Paltz, NY)",7211,Traveler accommodation,1,All establishments,2012,7
8610000US12566,12566,"ZIP 12566 (Pine Bush, NY)",7211,Traveler accommodation,1,All establishments,2012,1
8610000US12568,12568,"ZIP 12568 (Plattekill, NY)",7211,Traveler accommodation,1,All establishments,2012,1
8610000US12569,12569,"ZIP 12569 (Pleasant Valley, NY)",7211,Traveler accommodation,1,All establishments,2012,2
8610000US12571,12571,"ZIP 12571 (Red Hook, NY)",7211,Traveler accommodation,1,All establishments,2012,1
8610000US12572,12572,"ZIP 12572 (Rhinebeck, NY)",7211,Traveler accommodation,1,All establishments,2012,5
8610000US12577,12577,"ZIP 12577 (Salisbury Mills, NY)",7211,Traveler accommodation,1,All establishments,2012,1
8610000US12580,12580,"ZIP 12580 (Staatsburg, NY)",7211,Traveler accommodation,1,All establishments,2012,1
8610000US12601,12601,"ZIP 12601 (Poughkeepsie, NY)",7211,Traveler accommodation,1,All establishments,2012,7
8610000US12603,12603,"ZIP 12603 (Poughkeepsie, NY)",7211,Traveler accommodation,1,All establishments,2012,2
8610000US12701,12701,"ZIP 12701 (Monticello, NY)",7211,Traveler accommodation,1,All establishments,2012,7
8610000US12723,12723,"ZIP 12723 (Callicoon, NY)",7211,Traveler accommodation,1,All establishments,2012,2
8610000US12732,12732,"ZIP 12732 (Eldred, NY)",7211,Traveler accommodation,1,All establishments,2012,1
8610000US12733,12733,"ZIP 12733 (Fallsburg, NY)",7211,Traveler accommodation,1,All establishments,2012,1
8610000US12734,12734,"ZIP 12734 (Ferndale, NY)",7211,Traveler accommodation,1,All establishments,2012,1
8610000US12737,12737,"ZIP 12737 (Glen Spey, NY)",7211,Traveler accommodation,1,All establishments,2012,1
8610000US12738,12738,"ZIP 12738 (Glen Wild, NY)",7211,Traveler accommodation,1,All establishments,2012,1
8610000US12754,12754,"ZIP 12754 (Liberty, NY)",7211,Traveler accommodation,1,All establishments,2012,5
8610000US12758,12758,"ZIP 12758 (Livingston Manor, NY)",7211,Traveler accommodation,1,All establishments,2012,3
8610000US12759,12759,"ZIP 12759 (Loch Sheldrake, NY)",7211,Traveler accommodation,1,All establishments,2012,1
8610000US12760,12760,"ZIP 12760 (Long Eddy, NY)",7211,Traveler accommodation,1,All establishments,2012,1
8610000US12763,12763,"ZIP 12763 (Mountain Dale, NY)",7211,Traveler accommodation,1,All establishments,2012,1
8610000US12771,12771,"ZIP 12771 (Port Jervis, NY)",7211,Traveler accommodation,1,All establishments,2012,1
8610000US12775,12775,"ZIP 12775 (Rock Hill, NY)",7211,Traveler accommodation,1,All establishments,2012,1
8610000US12776,12776,"ZIP 12776 (Roscoe, NY)",7211,Traveler accommodation,1,All establishments,2012,1
8610000US12777,12777,"ZIP 12777 (Forestburgh, NY)",7211,Traveler accommodation,1,All establishments,2012,1
8610000US12779,12779,"ZIP 12779 (South Fallsburg, NY)",7211,Traveler accommodation,1,All establishments,2012,2
8610000US12783,12783,"ZIP 12783 (Swan Lake, NY)",7211,Traveler accommodation,1,All establishments,2012,1
8610000US12786,12786,"ZIP 12786 (White Lake, NY)",7211,Traveler accommodation,1,All establishments,2012,2
8610000US12788,12788,"ZIP 12788 (Woodbourne, NY)",7211,Traveler accommodation,1,All establishments,2012,2
8610000US12790,12790,"ZIP 12790 (Wurtsboro, NY)",7211,Traveler accommodation,1,All establishments,2012,2
8610000US12801,12801,"ZIP 12801 (Glens Falls, NY)",7211,Traveler accommodation,1,All establishments,2012,2
8610000US12803,12803,"ZIP 12803 (South Glens Falls, NY)",7211,Traveler accommodation,1,All establishments,2012,1
8610000US12804,12804,"ZIP 12804 (Queensbury, NY)",7211,Traveler accommodation,1,All establishments,2012,12
8610000US12808,12808,"ZIP 12808 (Adirondack, NY)",7211,Traveler accommodation,1,All establishments,2012,1
8610000US12812,12812,"ZIP 12812 (Blue Mountain Lake, NY)",7211,Traveler accommodation,1,All establishments,2012,3
8610000US12814,12814,"ZIP 12814 (Bolton Landing, NY)",7211,Traveler accommodation,1,All establishments,2012,11
8610000US12815,12815,"ZIP 12815 (Brant Lake, NY)",7211,Traveler accommodation,1,All establishments,2012,1
8610000US12816,12816,"ZIP 12816 (Cambridge, NY)",7211,Traveler accommodation,1,All establishments,2012,2
8610000US12817,12817,"ZIP 12817 (Chestertown, NY)",7211,Traveler accommodation,1,All establishments,2012,1
8610000US12824,12824,"ZIP 12824 (Diamond Point, NY)",7211,Traveler accommodation,1,All establishments,2012,11
8610000US12827,12827,"ZIP 12827 (Fort Ann, NY)",7211,Traveler accommodation,1,All establishments,2012,1
8610000US12828,12828,"ZIP 12828 (Fort Edward, NY)",7211,Traveler accommodation,1,All establishments,2012,3
8610000US12831,12831,"ZIP 12831 (Gansevoort, NY)",7211,Traveler accommodation,1,All establishments,2012,2
8610000US12836,12836,"ZIP 12836 (Hague, NY)",7211,Traveler accommodation,1,All establishments,2012,1
8610000US12842,12842,"ZIP 12842 (Indian Lake, NY)",7211,Traveler accommodation,1,All establishments,2012,4
8610000US12845,12845,"ZIP 12845 (Lake George, NY)",7211,Traveler accommodation,1,All establishments,2012,67
8610000US12846,12846,"ZIP 12846 (Lake Luzerne, NY)",7211,Traveler accommodation,1,All establishments,2012,5
8610000US12847,12847,"ZIP 12847 (Long Lake, NY)",7211,Traveler accommodation,1,All establishments,2012,7
8610000US12851,12851,"ZIP 12851 (Minerva, NY)",7211,Traveler accommodation,1,All establishments,2012,1
8610000US12853,12853,"ZIP 12853 (North Creek, NY)",7211,Traveler accommodation,1,All establishments,2012,2
8610000US12855,12855,"ZIP 12855 (North Hudson, NY)",7211,Traveler accommodation,1,All establishments,2012,1
8610000US12863,12863,"ZIP 12863 (Rock City Falls, NY)",7211,Traveler accommodation,1,All establishments,2012,1
8610000US12864,12864,"ZIP 12864 (Sabael, NY)",7211,Traveler accommodation,1,All establishments,2012,1
8610000US12866,12866,"ZIP 12866 (Saratoga Springs, NY)",7211,Traveler accommodation,1,All establishments,2012,32
8610000US12870,12870,"ZIP 12870 (Schroon Lake, NY)",7211,Traveler accommodation,1,All establishments,2012,4
8610000US12874,12874,"ZIP 12874 (Silver Bay, NY)",7211,Traveler accommodation,1,All establishments,2012,1
8610000US12883,12883,"ZIP 12883 (Ticonderoga, NY)",7211,Traveler accommodation,1,All establishments,2012,4
8610000US12887,12887,"ZIP 12887 (Whitehall, NY)",7211,Traveler accommodation,1,All establishments,2012,1
8610000US12901,12901,"ZIP 12901 (Plattsburgh, NY)",7211,Traveler accommodation,1,All establishments,2012,11
8610000US12932,12932,"ZIP 12932 (Elizabethtown, NY)",7211,Traveler accommodation,1,All establishments,2012,1
8610000US12942,12942,"ZIP 12942 (Keene, NY)",7211,Traveler accommodation,1,All establishments,2012,3
8610000US12943,12943,"ZIP 12943 (Keene Valley, NY)",7211,Traveler accommodation,1,All establishments,2012,4
8610000US12944,12944,"ZIP 12944 (Keeseville, NY)",7211,Traveler accommodation,1,All establishments,2012,1
8610000US12945,12945,"ZIP 12945 (Lake Clear, NY)",7211,Traveler accommodation,1,All establishments,2012,2
8610000US12946,12946,"ZIP 12946 (Lake Placid, NY)",7211,Traveler accommodation,1,All establishments,2012,31
8610000US12953,12953,"ZIP 12953 (Malone, NY)",7211,Traveler accommodation,1,All establishments,2012,4
8610000US12957,12957,"ZIP 12957 (Moira, NY)",7211,Traveler accommodation,1,All establishments,2012,1
8610000US12970,12970,"ZIP 12970 (Paul Smiths, NY)",7211,Traveler accommodation,1,All establishments,2012,1
8610000US12974,12974,"ZIP 12974 (Port Henry, NY)",7211,Traveler accommodation,1,All establishments,2012,1
8610000US12979,12979,"ZIP 12979 (Rouses Point, NY)",7211,Traveler accommodation,1,All establishments,2012,1
8610000US12983,12983,"ZIP 12983 (Saranac Lake, NY)",7211,Traveler accommodation,1,All establishments,2012,8
8610000US12986,12986,"ZIP 12986 (Tupper Lake, NY)",7211,Traveler accommodation,1,All establishments,2012,1
8610000US12993,12993,"ZIP 12993 (Westport, NY)",7211,Traveler accommodation,1,All establishments,2012,3
8610000US12997,12997,"ZIP 12997 (Wilmington, NY)",7211,Traveler accommodation,1,All establishments,2012,3
8610000US13021,13021,"ZIP 13021 (Auburn, NY)",7211,Traveler accommodation,1,All establishments,2012,8
8610000US13026,13026,"ZIP 13026 (Aurora, NY)",7211,Traveler accommodation,1,All establishments,2012,1
8610000US13027,13027,"ZIP 13027 (Baldwinsville, NY)",7211,Traveler accommodation,1,All establishments,2012,2
8610000US13029,13029,"ZIP 13029 (Brewerton, NY)",7211,Traveler accommodation,1,All establishments,2012,2
8610000US13031,13031,"ZIP 13031 (Camillus, NY)",7211,Traveler accommodation,1,All establishments,2012,2
8610000US13032,13032,"ZIP 13032 (Canastota, NY)",7211,Traveler accommodation,1,All establishments,2012,2
8610000US13035,13035,"ZIP 13035 (Cazenovia, NY)",7211,Traveler accommodation,1,All establishments,2012,1
8610000US13039,13039,"ZIP 13039 (Cicero, NY)",7211,Traveler accommodation,1,All establishments,2012,3
8610000US13040,13040,"ZIP 13040 (Cincinnatus, NY)",7211,Traveler accommodation,1,All establishments,2012,1
8610000US13042,13042,"ZIP 13042 (Cleveland, NY)",7211,Traveler accommodation,1,All establishments,2012,1
8610000US13045,13045,"ZIP 13045 (Cortland, NY)",7211,Traveler accommodation,1,All establishments,2012,10
8610000US13057,13057,"ZIP 13057 (East Syracuse, NY)",7211,Traveler accommodation,1,All establishments,2012,19
8610000US13064,13064,"ZIP 13064 (Fair Haven, NY)",7211,Traveler accommodation,1,All establishments,2012,1
8610000US13068,13068,"ZIP 13068 (Freeville, NY)",7211,Traveler accommodation,1,All establishments,2012,1
8610000US13069,13069,"ZIP 13069 (Fulton, NY)",7211,Traveler accommodation,1,All establishments,2012,2
8610000US13073,13073,"ZIP 13073 (Groton, NY)",7211,Traveler accommodation,1,All establishments,2012,1
8610000US13088,13088,"ZIP 13088 (Liverpool, NY)",7211,Traveler accommodation,1,All establishments,2012,10
8610000US13090,13090,"ZIP 13090 (Liverpool, NY)",7211,Traveler accommodation,1,All establishments,2012,3
8610000US13101,13101,"ZIP 13101 (Mc Graw, NY)",7211,Traveler accommodation,1,All establishments,2012,1
8610000US13126,13126,"ZIP 13126 (Oswego, NY)",7211,Traveler accommodation,1,All establishments,2012,8
8610000US13142,13142,"ZIP 13142 (Pulaski, NY)",7211,Traveler accommodation,1,All establishments,2012,5
8610000US13148,13148,"ZIP 13148 (Seneca Falls, NY)",7211,Traveler accommodation,1,All establishments,2012,3
8610000US13152,13152,"ZIP 13152 (Skaneateles, NY)",7211,Traveler accommodation,1,All establishments,2012,5
8610000US13157,13157,"ZIP 13157 (Sylvan Beach, NY)",7211,Traveler accommodation,1,All establishments,2012,1
8610000US13159,13159,"ZIP 13159 (Tully, NY)",7211,Traveler accommodation,1,All establishments,2012,1
8610000US13164,13164,"ZIP 13164 (Warners, NY)",7211,Traveler accommodation,1,All establishments,2012,1
8610000US13166,13166,"ZIP 13166 (Weedsport, NY)",7211,Traveler accommodation,1,All establishments,2012,2
8610000US13202,13202,"ZIP 13202 (Syracuse, NY)",7211,Traveler accommodation,1,All establishments,2012,2
8610000US13203,13203,"ZIP 13203 (Syracuse, NY)",7211,Traveler accommodation,1,All establishments,2012,1
8610000US13205,13205,"ZIP 13205 (Syracuse, NY)",7211,Traveler accommodation,1,All establishments,2012,1
8610000US13206,13206,"ZIP 13206 (Syracuse, NY)",7211,Traveler accommodation,1,All establishments,2012,5
8610000US13209,13209,"ZIP 13209 (Syracuse, NY)",7211,Traveler accommodation,1,All establishments,2012,4
8610000US13210,13210,"ZIP 13210 (Syracuse, NY)",7211,Traveler accommodation,1,All establishments,2012,4
8610000US13212,13212,"ZIP 13212 (Syracuse, NY)",7211,Traveler accommodation,1,All establishments,2012,7
8610000US13214,13214,"ZIP 13214 (Syracuse, NY)",7211,Traveler accommodation,1,All establishments,2012,2
8610000US13224,13224,"ZIP 13224 (Syracuse, NY)",7211,Traveler accommodation,1,All establishments,2012,1
8610000US13302,13302,"ZIP 13302 (Altmar, NY)",7211,Traveler accommodation,1,All establishments,2012,1
8610000US13304,13304,"ZIP 13304 (Barneveld, NY)",7211,Traveler accommodation,1,All establishments,2012,1
8610000US13309,13309,"ZIP 13309 (Boonville, NY)",7211,Traveler accommodation,1,All establishments,2012,1
8610000US13313,13313,"ZIP 13313 (Bridgewater, NY)",7211,Traveler accommodation,1,All establishments,2012,1
8610000US13320,13320,"ZIP 13320 (Cherry Valley, NY)",7211,Traveler accommodation,1,All establishments,2012,1
8610000US13323,13323,"ZIP 13323 (Clinton, NY)",7211,Traveler accommodation,1,All establishments,2012,2
8610000US13326,13326,"ZIP 13326 (Cooperstown, NY)",7211,Traveler accommodation,1,All establishments,2012,14
8610000US13331,13331,"ZIP 13331 (Eagle Bay, NY)",7211,Traveler accommodation,1,All establishments,2012,3
8610000US13337,13337,"ZIP 13337 (Fly Creek, NY)",7211,Traveler accommodation,1,All establishments,2012,1
8610000US13346,13346,"ZIP 13346 (Hamilton, NY)",7211,Traveler accommodation,1,All establishments,2012,2
8610000US13350,13350,"ZIP 13350 (Herkimer, NY)",7211,Traveler accommodation,1,All establishments,2012,2
8610000US13357,13357,"ZIP 13357 (Ilion, NY)",7211,Traveler accommodation,1,All establishments,2012,1
8610000US13360,13360,"ZIP 13360 (Inlet, NY)",7211,Traveler accommodation,1,All establishments,2012,4
8610000US13365,13365,"ZIP 13365 (Little Falls, NY)",7211,Traveler accommodation,1,All establishments,2012,1
8610000US13367,13367,"ZIP 13367 (Lowville, NY)",7211,Traveler accommodation,1,All establishments,2012,2
8610000US13368,13368,"ZIP 13368 (Lyons Falls, NY)",7211,Traveler accommodation,1,All establishments,2012,1
8610000US13413,13413,"ZIP 13413 (New Hartford, NY)",7211,Traveler accommodation,1,All establishments,2012,2
8610000US13420,13420,"ZIP 13420 (Old Forge, NY)",7211,Traveler accommodation,1,All establishments,2012,6
8610000US13421,13421,"ZIP 13421 (Oneida, NY)",7211,Traveler accommodation,1,All establishments,2012,3
8610000US13428,13428,"ZIP 13428 (Palatine Bridge, NY)",7211,Traveler accommodation,1,All establishments,2012,1
8610000US13436,13436,"ZIP 13436 (Raquette Lake, NY)",7211,Traveler accommodation,1,All establishments,2012,1
8610000US13439,13439,"ZIP 13439 (Richfield Springs, NY)",7211,Traveler accommodation,1,All establishments,2012,1
8610000US13440,13440,"ZIP 13440 (Rome, NY)",7211,Traveler accommodation,1,All establishments,2012,3
8610000US13441,13441,"ZIP 13441 (Rome, NY)",7211,Traveler accommodation,1,All establishments,2012,2
8610000US13459,13459,"ZIP 13459 (Sharon Springs, NY)",7211,Traveler accommodation,1,All establishments,2012,1
8610000US13460,13460,"ZIP 13460 (Sherburne, NY)",7211,Traveler accommodation,1,All establishments,2012,1
8610000US13468,13468,"ZIP 13468 (Springfield Center, NY)",7211,Traveler accommodation,1,All establishments,2012,1
8610000US13472,13472,"ZIP 13472 (Thendara, NY)",7211,Traveler accommodation,1,All establishments,2012,2
8610000US13478,13478,"ZIP 13478 (Verona, NY)",7211,Traveler accommodation,1,All establishments,2012,2
8610000US13493,13493,"ZIP 13493 (Williamstown, NY)",7211,Traveler accommodation,1,All establishments,2012,1
8610000US13502,13502,"ZIP 13502 (Utica, NY)",7211,Traveler accommodation,1,All establishments,2012,8
8610000US13601,13601,"ZIP 13601 (Watertown, NY)",7211,Traveler accommodation,1,All establishments,2012,13
8610000US13607,13607,"ZIP 13607 (Alexandria Bay, NY)",7211,Traveler accommodation,1,All establishments,2012,13
8610000US13617,13617,"ZIP 13617 (Canton, NY)",7211,Traveler accommodation,1,All establishments,2012,4
8610000US13618,13618,"ZIP 13618 (Cape Vincent, NY)",7211,Traveler accommodation,1,All establishments,2012,2
8610000US13619,13619,"ZIP 13619 (Carthage, NY)",7211,Traveler accommodation,1,All establishments,2012,1
8610000US13624,13624,"ZIP 13624 (Clayton, NY)",7211,Traveler accommodation,1,All establishments,2012,5
8610000US13637,13637,"ZIP 13637 (Evans Mills, NY)",7211,Traveler accommodation,1,All establishments,2012,2
8610000US13642,13642,"ZIP 13642 (Gouverneur, NY)",7211,Traveler accommodation,1,All establishments,2012,2
8610000US13646,13646,"ZIP 13646 (Hammond, NY)",7211,Traveler accommodation,1,All establishments,2012,4
8610000US13651,13651,"ZIP 13651 (Henderson Harbor, NY)",7211,Traveler accommodation,1,All establishments,2012,1
8610000US13655,13655,"ZIP 13655 (Hogansburg, NY)",7211,Traveler accommodation,1,All establishments,2012,1
8610000US13656,13656,"ZIP 13656 (La Fargeville, NY)",7211,Traveler accommodation,1,All establishments,2012,1
8610000US13662,13662,"ZIP 13662 (Massena, NY)",7211,Traveler accommodation,1,All establishments,2012,5
8610000US13669,13669,"ZIP 13669 (Ogdensburg, NY)",7211,Traveler accommodation,1,All establishments,2012,2
8610000US13676,13676,"ZIP 13676 (Potsdam, NY)",7211,Traveler accommodation,1,All establishments,2012,6
8610000US13679,13679,"ZIP 13679 (Redwood, NY)",7211,Traveler accommodation,1,All establishments,2012,1
8610000US13694,13694,"ZIP 13694 (Waddington, NY)",7211,Traveler accommodation,1,All establishments,2012,1
8610000US13732,13732,"ZIP 13732 (Apalachin, NY)",7211,Traveler accommodation,1,All establishments,2012,1
8610000US13743,13743,"ZIP 13743 (Candor, NY)",7211,Traveler accommodation,1,All establishments,2012,1
8610000US13753,13753,"ZIP 13753 (Delhi, NY)",7211,Traveler accommodation,1,All establishments,2012,1
8610000US13754,13754,"ZIP 13754 (Deposit, NY)",7211,Traveler accommodation,1,All establishments,2012,1
8610000US13755,13755,"ZIP 13755 (Downsville, NY)",7211,Traveler accommodation,1,All establishments,2012,1
8610000US13760,13760,"ZIP 13760 (Endicott, NY)",7211,Traveler accommodation,1,All establishments,2012,4
8610000US13783,13783,"ZIP 13783 (Hancock, NY)",7211,Traveler accommodation,1,All establishments,2012,3
8610000US13790,13790,"ZIP 13790 (Johnson City, NY)",7211,Traveler accommodation,1,All establishments,2012,5
8610000US13795,13795,"ZIP 13795 (Kirkwood, NY)",7211,Traveler accommodation,1,All establishments,2012,1
8610000US13803,13803,"ZIP 13803 (Marathon, NY)",7211,Traveler accommodation,1,All establishments,2012,1
8610000US13807,13807,"ZIP 13807 (Milford, NY)",7211,Traveler accommodation,1,All establishments,2012,2
8610000US13815,13815,"ZIP 13815 (Norwich, NY)",7211,Traveler accommodation,1,All establishments,2012,2
8610000US13820,13820,"ZIP 13820 (Oneonta, NY)",7211,Traveler accommodation,1,All establishments,2012,10
8610000US13827,13827,"ZIP 13827 (Owego, NY)",7211,Traveler accommodation,1,All establishments,2012,6
8610000US13838,13838,"ZIP 13838 (Sidney, NY)",7211,Traveler accommodation,1,All establishments,2012,1
8610000US13849,13849,"ZIP 13849 (Unadilla, NY)",7211,Traveler accommodation,1,All establishments,2012,1
8610000US13850,13850,"ZIP 13850 (Vestal, NY)",7211,Traveler accommodation,1,All establishments,2012,10
8610000US13862,13862,"ZIP 13862 (Whitney Point, NY)",7211,Traveler accommodation,1,All establishments,2012,1
8610000US13901,13901,"ZIP 13901 (Binghamton, NY)",7211,Traveler accommodation,1,All establishments,2012,2
8610000US13904,13904,"ZIP 13904 (Binghamton, NY)",7211,Traveler accommodation,1,All establishments,2012,2
8610000US13905,13905,"ZIP 13905 (Binghamton, NY)",7211,Traveler accommodation,1,All establishments,2012,7
8610000US14011,14011,"ZIP 14011 (Attica, NY)",7211,Traveler accommodation,1,All establishments,2012,1
8610000US14020,14020,"ZIP 14020 (Batavia, NY)",7211,Traveler accommodation,1,All establishments,2012,10
8610000US14026,14026,"ZIP 14026 (Bowmansville, NY)",7211,Traveler accommodation,1,All establishments,2012,1
8610000US14031,14031,"ZIP 14031 (Clarence, NY)",7211,Traveler accommodation,1,All establishments,2012,2
8610000US14036,14036,"ZIP 14036 (Corfu, NY)",7211,Traveler accommodation,1,All establishments,2012,1
8610000US14043,14043,"ZIP 14043 (Depew, NY)",7211,Traveler accommodation,1,All establishments,2012,1
8610000US14048,14048,"ZIP 14048 (Dunkirk, NY)",7211,Traveler accommodation,1,All establishments,2012,3
8610000US14052,14052,"ZIP 14052 (East Aurora, NY)",7211,Traveler accommodation,1,All establishments,2012,2
8610000US14063,14063,"ZIP 14063 (Fredonia, NY)",7211,Traveler accommodation,1,All establishments,2012,2
8610000US14068,14068,"ZIP 14068 (Getzville, NY)",7211,Traveler accommodation,1,All establishments,2012,1
8610000US14072,14072,"ZIP 14072 (Grand Island, NY)",7211,Traveler accommodation,1,All establishments,2012,3
8610000US14075,14075,"ZIP 14075 (Hamburg, NY)",7211,Traveler accommodation,1,All establishments,2012,6
8610000US14086,14086,"ZIP 14086 (Lancaster, NY)",7211,Traveler accommodation,1,All establishments,2012,1
8610000US14092,14092,"ZIP 14092 (Lewiston, NY)",7211,Traveler accommodation,1,All establishments,2012,1
8610000US14094,14094,"ZIP 14094 (Lockport, NY)",7211,Traveler accommodation,1,All establishments,2012,3
8610000US14098,14098,"ZIP 14098 (Lyndonville, NY)",7211,Traveler accommodation,1,All establishments,2012,1
8610000US14108,14108,"ZIP 14108 (Newfane, NY)",7211,Traveler accommodation,1,All establishments,2012,2
8610000US14127,14127,"ZIP 14127 (Orchard Park, NY)",7211,Traveler accommodation,1,All establishments,2012,1
8610000US14141,14141,"ZIP 14141 (Springville, NY)",7211,Traveler accommodation,1,All establishments,2012,1
8610000US14150,14150,"ZIP 14150 (Tonawanda, NY)",7211,Traveler accommodation,1,All establishments,2012,11
8610000US14172,14172,"ZIP 14172 (Wilson, NY)",7211,Traveler accommodation,1,All establishments,2012,2
8610000US14201,14201,"ZIP 14201 (Buffalo, NY)",7211,Traveler accommodation,1,All establishments,2012,1
8610000US14202,14202,"ZIP 14202 (Buffalo, NY)",7211,Traveler accommodation,1,All establishments,2012,7
8610000US14203,14203,"ZIP 14203 (Buffalo, NY)",7211,Traveler accommodation,1,All establishments,2012,4
8610000US14206,14206,"ZIP 14206 (Buffalo, NY)",7211,Traveler accommodation,1,All establishments,2012,3
8610000US14209,14209,"ZIP 14209 (Buffalo, NY)",7211,Traveler accommodation,1,All establishments,2012,2
8610000US14217,14217,"ZIP 14217 (Buffalo, NY)",7211,Traveler accommodation,1,All establishments,2012,2
8610000US14218,14218,"ZIP 14218 (Buffalo, NY)",7211,Traveler accommodation,1,All establishments,2012,1
8610000US14219,14219,"ZIP 14219 (Buffalo, NY)",7211,Traveler accommodation,1,All establishments,2012,3
8610000US14221,14221,"ZIP 14221 (Buffalo, NY)",7211,Traveler accommodation,1,All establishments,2012,14
8610000US14224,14224,"ZIP 14224 (Buffalo, NY)",7211,Traveler accommodation,1,All establishments,2012,2
8610000US14225,14225,"ZIP 14225 (Buffalo, NY)",7211,Traveler accommodation,1,All establishments,2012,14
8610000US14226,14226,"ZIP 14226 (Buffalo, NY)",7211,Traveler accommodation,1,All establishments,2012,9
8610000US14227,14227,"ZIP 14227 (Buffalo, NY)",7211,Traveler accommodation,1,All establishments,2012,1
8610000US14228,14228,"ZIP 14228 (Buffalo, NY)",7211,Traveler accommodation,1,All establishments,2012,5
8610000US14301,14301,"ZIP 14301 (Niagara Falls, NY)",7211,Traveler accommodation,1,All establishments,2012,5
8610000US14303,14303,"ZIP 14303 (Niagara Falls, NY)",7211,Traveler accommodation,1,All establishments,2012,10
8610000US14304,14304,"ZIP 14304 (Niagara Falls, NY)",7211,Traveler accommodation,1,All establishments,2012,20
8610000US14411,14411,"ZIP 14411 (Albion, NY)",7211,Traveler accommodation,1,All establishments,2012,1
8610000US14414,14414,"ZIP 14414 (Avon, NY)",7211,Traveler accommodation,1,All establishments,2012,1
8610000US14420,14420,"ZIP 14420 (Brockport, NY)",7211,Traveler accommodation,1,All establishments,2012,4
8610000US14424,14424,"ZIP 14424 (Canandaigua, NY)",7211,Traveler accommodation,1,All establishments,2012,9
8610000US14425,14425,"ZIP 14425 (Farmington, NY)",7211,Traveler accommodation,1,All establishments,2012,3
8610000US14437,14437,"ZIP 14437 (Dansville, NY)",7211,Traveler accommodation,1,All establishments,2012,1
8610000US14450,14450,"ZIP 14450 (Fairport, NY)",7211,Traveler accommodation,1,All establishments,2012,1
8610000US14454,14454,"ZIP 14454 (Geneseo, NY)",7211,Traveler accommodation,1,All establishments,2012,2
8610000US14456,14456,"ZIP 14456 (Geneva, NY)",7211,Traveler accommodation,1,All establishments,2012,5
8610000US14467,14467,"ZIP 14467 (Henrietta, NY)",7211,Traveler accommodation,1,All establishments,2012,7
8610000US14478,14478,"ZIP 14478 (Keuka Park, NY)",7211,Traveler accommodation,1,All establishments,2012,1
8610000US14489,14489,"ZIP 14489 (Lyons, NY)",7211,Traveler accommodation,1,All establishments,2012,1
8610000US14510,14510,"ZIP 14510 (Mount Morris, NY)",7211,Traveler accommodation,1,All establishments,2012,2
8610000US14511,14511,"ZIP 14511 (Mumford, NY)",7211,Traveler accommodation,1,All establishments,2012,1
8610000US14513,14513,"ZIP 14513 (Newark, NY)",7211,Traveler accommodation,1,All establishments,2012,1
8610000US14521,14521,"ZIP 14521 (Ovid, NY)",7211,Traveler accommodation,1,All establishments,2012,2
8610000US14522,14522,"ZIP 14522 (Palmyra, NY)",7211,Traveler accommodation,1,All establishments,2012,1
8610000US14527,14527,"ZIP 14527 (Penn Yan, NY)",7211,Traveler accommodation,1,All establishments,2012,3
8610000US14532,14532,"ZIP 14532 (Phelps, NY)",7211,Traveler accommodation,1,All establishments,2012,1
8610000US14534,14534,"ZIP 14534 (Pittsford, NY)",7211,Traveler accommodation,1,All establishments,2012,5
8610000US14536,14536,"ZIP 14536 (Portageville, NY)",7211,Traveler accommodation,1,All establishments,2012,1
8610000US14546,14546,"ZIP 14546 (Scottsville, NY)",7211,Traveler accommodation,1,All establishments,2012,1
8610000US14564,14564,"ZIP 14564 (Victor, NY)",7211,Traveler accommodation,1,All establishments,2012,6
8610000US14580,14580,"ZIP 14580 (Webster, NY)",7211,Traveler accommodation,1,All establishments,2012,5
8610000US14586,14586,"ZIP 14586 (West Henrietta, NY)",7211,Traveler accommodation,1,All establishments,2012,1
8610000US14591,14591,"ZIP 14591 (Wyoming, NY)",7211,Traveler accommodation,1,All establishments,2012,1
8610000US14604,14604,"ZIP 14604 (Rochester, NY)",7211,Traveler accommodation,1,All establishments,2012,2
8610000US14606,14606,"ZIP 14606 (Rochester, NY)",7211,Traveler accommodation,1,All establishments,2012,2
8610000US14607,14607,"ZIP 14607 (Rochester, NY)",7211,Traveler accommodation,1,All establishments,2012,3
8610000US14609,14609,"ZIP 14609 (Rochester, NY)",7211,Traveler accommodation,1,All establishments,2012,1
8610000US14611,14611,"ZIP 14611 (Rochester, NY)",7211,Traveler accommodation,1,All establishments,2012,2
8610000US14612,14612,"ZIP 14612 (Rochester, NY)",7211,Traveler accommodation,1,All establishments,2012,1
8610000US14614,14614,"ZIP 14614 (Rochester, NY)",7211,Traveler accommodation,1,All establishments,2012,1
8610000US14615,14615,"ZIP 14615 (Rochester, NY)",7211,Traveler accommodation,1,All establishments,2012,8
8610000US14617,14617,"ZIP 14617 (Rochester, NY)",7211,Traveler accommodation,1,All establishments,2012,1
8610000US14618,14618,"ZIP 14618 (Rochester, NY)",7211,Traveler accommodation,1,All establishments,2012,5
8610000US14620,14620,"ZIP 14620 (Rochester, NY)",7211,Traveler accommodation,1,All establishments,2012,2
8610000US14623,14623,"ZIP 14623 (Rochester, NY)",7211,Traveler accommodation,1,All establishments,2012,11
8610000US14624,14624,"ZIP 14624 (Rochester, NY)",7211,Traveler accommodation,1,All establishments,2012,7
8610000US14625,14625,"ZIP 14625 (Rochester, NY)",7211,Traveler accommodation,1,All establishments,2012,2
8610000US14701,14701,"ZIP 14701 (Jamestown, NY)",7211,Traveler accommodation,1,All establishments,2012,6
8610000US14710,14710,"ZIP 14710 (Ashville, NY)",7211,Traveler accommodation,1,All establishments,2012,1
8610000US14711,14711,"ZIP 14711 (Belfast, NY)",7211,Traveler accommodation,1,All establishments,2012,1
8610000US14712,14712,"ZIP 14712 (Bemus Point, NY)",7211,Traveler accommodation,1,All establishments,2012,2
8610000US14722,14722,"ZIP 14722 (Chautauqua, NY)",7211,Traveler accommodation,1,All establishments,2012,4
8610000US14724,14724,"ZIP 14724 (Clymer, NY)",7211,Traveler accommodation,1,All establishments,2012,1
8610000US14727,14727,"ZIP 14727 (Cuba, NY)",7211,Traveler accommodation,1,All establishments,2012,1
8610000US14729,14729,"ZIP 14729 (East Otto, NY)",7211,Traveler accommodation,1,All establishments,2012,1
8610000US14731,14731,"ZIP 14731 (Ellicottville, NY)",7211,Traveler accommodation,1,All establishments,2012,6
8610000US14733,14733,"ZIP 14733 (Falconer, NY)",7211,Traveler accommodation,1,All establishments,2012,2
8610000US14736,14736,"ZIP 14736 (Findley Lake, NY)",7211,Traveler accommodation,1,All establishments,2012,1
8610000US14744,14744,"ZIP 14744 (Houghton, NY)",7211,Traveler accommodation,1,All establishments,2012,1
8610000US14750,14750,"ZIP 14750 (Lakewood, NY)",7211,Traveler accommodation,1,All establishments,2012,1
8610000US14757,14757,"ZIP 14757 (Mayville, NY)",7211,Traveler accommodation,1,All establishments,2012,4
8610000US14760,14760,"ZIP 14760 (Olean, NY)",7211,Traveler accommodation,1,All establishments,2012,3
8610000US14777,14777,"ZIP 14777 (Rushford, NY)",7211,Traveler accommodation,1,All establishments,2012,1
8610000US14779,14779,"ZIP 14779 (Salamanca, NY)",7211,Traveler accommodation,1,All establishments,2012,2
8610000US14787,14787,"ZIP 14787 (Westfield, NY)",7211,Traveler accommodation,1,All establishments,2012,2
8610000US14810,14810,"ZIP 14810 (Bath, NY)",7211,Traveler accommodation,1,All establishments,2012,6
8610000US14818,14818,"ZIP 14818 (Burdett, NY)",7211,Traveler accommodation,1,All establishments,2012,1
8610000US14824,14824,"ZIP 14824 (Cayuta, NY)",7211,Traveler accommodation,1,All establishments,2012,1
8610000US14830,14830,"ZIP 14830 (Corning, NY)",7211,Traveler accommodation,1,All establishments,2012,16
8610000US14837,14837,"ZIP 14837 (Dundee, NY)",7211,Traveler accommodation,1,All establishments,2012,1
8610000US14840,14840,"ZIP 14840 (Hammondsport, NY)",7211,Traveler accommodation,1,All establishments,2012,3
8610000US14842,14842,"ZIP 14842 (Himrod, NY)",7211,Traveler accommodation,1,All establishments,2012,2
8610000US14843,14843,"ZIP 14843 (Hornell, NY)",7211,Traveler accommodation,1,All establishments,2012,4
8610000US14845,14845,"ZIP 14845 (Horseheads, NY)",7211,Traveler accommodation,1,All establishments,2012,9
8610000US14850,14850,"ZIP 14850 (Ithaca, NY)",7211,Traveler accommodation,1,All establishments,2012,22
8610000US14860,14860,"ZIP 14860 (Lodi, NY)",7211,Traveler accommodation,1,All establishments,2012,1
8610000US14865,14865,"ZIP 14865 (Montour Falls, NY)",7211,Traveler accommodation,1,All establishments,2012,1
8610000US14870,14870,"ZIP 14870 (Painted Post, NY)",7211,Traveler accommodation,1,All establishments,2012,5
8610000US14878,14878,"ZIP 14878 (Rock Stream, NY)",7211,Traveler accommodation,1,All establishments,2012,1
8610000US14882,14882,"ZIP 14882 (Lansing, NY)",7211,Traveler accommodation,1,All establishments,2012,1
8610000US14886,14886,"ZIP 14886 (Trumansburg, NY)",7211,Traveler accommodation,1,All establishments,2012,2
8610000US14891,14891,"ZIP 14891 (Watkins Glen, NY)",7211,Traveler accommodation,1,All establishments,2012,11
8610000US14892,14892,"ZIP 14892 (Waverly, NY)",7211,Traveler accommodation,1,All establishments,2012,1
8610000US14895,14895,"ZIP 14895 (Wellsville, NY)",7211,Traveler accommodation,1,All establishments,2012,2
8610000US14901,14901,"ZIP 14901 (Elmira, NY)",7211,Traveler accommodation,1,All establishments,2012,2
8610000US14903,14903,"ZIP 14903 (Elmira, NY)",7211,Traveler accommodation,1,All establishments,2012,1
8610000US14904,14904,"ZIP 14904 (Elmira, NY)",7211,Traveler accommodation,1,All establishments,2012,1